<annotation>
	<folder>data</folder>
	<filename>1026.jpg</filename>
	<path>/media/infinity/ap/data/1026.jpg</path>
	<source>
		<database>Unknown</database>
	</source>
	<size>
		<width>138</width>
		<height>51</height>
		<depth>3</depth>
	</size>
	<segmented>0</segmented>
	<object>
		<name>character</name>
		<pose>Unspecified</pose>
		<truncated>0</truncated>
		<difficult>0</difficult>
		<bndbox>
			<xmin>19</xmin>
			<ymin>14</ymin>
			<xmax>31</xmax>
			<ymax>35</ymax>
		</bndbox>
	</object>
	<object>
		<name>character</name>
		<pose>Unspecified</pose>
		<truncated>0</truncated>
		<difficult>0</difficult>
		<bndbox>
			<xmin>31</xmin>
			<ymin>14</ymin>
			<xmax>43</xmax>
			<ymax>35</ymax>
		</bndbox>
	</object>
	<object>
		<name>character</name>
		<pose>Unspecified</pose>
		<truncated>0</truncated>
		<difficult>0</difficult>
		<bndbox>
			<xmin>44</xmin>
			<ymin>14</ymin>
			<xmax>55</xmax>
			<ymax>35</ymax>
		</bndbox>
	</object>
	<object>
		<name>character</name>
		<pose>Unspecified</pose>
		<truncated>0</truncated>
		<difficult>0</difficult>
		<bndbox>
			<xmin>72</xmin>
			<ymin>13</ymin>
			<xmax>83</xmax>
			<ymax>34</ymax>
		</bndbox>
	</object>
	<object>
		<name>character</name>
		<pose>Unspecified</pose>
		<truncated>0</truncated>
		<difficult>0</difficult>
		<bndbox>
			<xmin>86</xmin>
			<ymin>13</ymin>
			<xmax>95</xmax>
			<ymax>34</ymax>
		</bndbox>
	</object>
	<object>
		<name>character</name>
		<pose>Unspecified</pose>
		<truncated>0</truncated>
		<difficult>0</difficult>
		<bndbox>
			<xmin>97</xmin>
			<ymin>13</ymin>
			<xmax>108</xmax>
			<ymax>34</ymax>
		</bndbox>
	</object>
	<object>
		<name>character</name>
		<pose>Unspecified</pose>
		<truncated>0</truncated>
		<difficult>0</difficult>
		<bndbox>
			<xmin>110</xmin>
			<ymin>13</ymin>
			<xmax>121</xmax>
			<ymax>33</ymax>
		</bndbox>
	</object>
</annotation>
