<annotation>
	<folder>data</folder>
	<filename>1061.jpg</filename>
	<path>/media/infinity/ap/data/1061.jpg</path>
	<source>
		<database>Unknown</database>
	</source>
	<size>
		<width>68</width>
		<height>50</height>
		<depth>3</depth>
	</size>
	<segmented>0</segmented>
	<object>
		<name>character</name>
		<pose>Unspecified</pose>
		<truncated>0</truncated>
		<difficult>0</difficult>
		<bndbox>
			<xmin>6</xmin>
			<ymin>23</ymin>
			<xmax>20</xmax>
			<ymax>40</ymax>
		</bndbox>
	</object>
	<object>
		<name>character</name>
		<pose>Unspecified</pose>
		<truncated>0</truncated>
		<difficult>0</difficult>
		<bndbox>
			<xmin>20</xmin>
			<ymin>24</ymin>
			<xmax>34</xmax>
			<ymax>39</ymax>
		</bndbox>
	</object>
	<object>
		<name>character</name>
		<pose>Unspecified</pose>
		<truncated>0</truncated>
		<difficult>0</difficult>
		<bndbox>
			<xmin>35</xmin>
			<ymin>23</ymin>
			<xmax>48</xmax>
			<ymax>39</ymax>
		</bndbox>
	</object>
	<object>
		<name>character</name>
		<pose>Unspecified</pose>
		<truncated>0</truncated>
		<difficult>0</difficult>
		<bndbox>
			<xmin>48</xmin>
			<ymin>23</ymin>
			<xmax>61</xmax>
			<ymax>39</ymax>
		</bndbox>
	</object>
</annotation>
