<annotation>
	<folder>data</folder>
	<filename>1067.jpg</filename>
	<path>/media/infinity/ap/data/1067.jpg</path>
	<source>
		<database>Unknown</database>
	</source>
	<size>
		<width>62</width>
		<height>16</height>
		<depth>3</depth>
	</size>
	<segmented>0</segmented>
	<object>
		<name>character</name>
		<pose>Unspecified</pose>
		<truncated>1</truncated>
		<difficult>0</difficult>
		<bndbox>
			<xmin>1</xmin>
			<ymin>5</ymin>
			<xmax>10</xmax>
			<ymax>14</ymax>
		</bndbox>
	</object>
	<object>
		<name>character</name>
		<pose>Unspecified</pose>
		<truncated>0</truncated>
		<difficult>0</difficult>
		<bndbox>
			<xmin>16</xmin>
			<ymin>4</ymin>
			<xmax>22</xmax>
			<ymax>14</ymax>
		</bndbox>
	</object>
	<object>
		<name>character</name>
		<pose>Unspecified</pose>
		<truncated>0</truncated>
		<difficult>0</difficult>
		<bndbox>
			<xmin>23</xmin>
			<ymin>4</ymin>
			<xmax>28</xmax>
			<ymax>13</ymax>
		</bndbox>
	</object>
	<object>
		<name>character</name>
		<pose>Unspecified</pose>
		<truncated>0</truncated>
		<difficult>0</difficult>
		<bndbox>
			<xmin>28</xmin>
			<ymin>4</ymin>
			<xmax>34</xmax>
			<ymax>14</ymax>
		</bndbox>
	</object>
	<object>
		<name>character</name>
		<pose>Unspecified</pose>
		<truncated>0</truncated>
		<difficult>0</difficult>
		<bndbox>
			<xmin>34</xmin>
			<ymin>4</ymin>
			<xmax>42</xmax>
			<ymax>13</ymax>
		</bndbox>
	</object>
</annotation>
