<annotation>
	<folder>data</folder>
	<filename>1074.jpg</filename>
	<path>/media/infinity/ap/data/1074.jpg</path>
	<source>
		<database>Unknown</database>
	</source>
	<size>
		<width>228</width>
		<height>94</height>
		<depth>3</depth>
	</size>
	<segmented>0</segmented>
	<object>
		<name>character</name>
		<pose>Unspecified</pose>
		<truncated>0</truncated>
		<difficult>0</difficult>
		<bndbox>
			<xmin>32</xmin>
			<ymin>29</ymin>
			<xmax>50</xmax>
			<ymax>56</ymax>
		</bndbox>
	</object>
	<object>
		<name>character</name>
		<pose>Unspecified</pose>
		<truncated>0</truncated>
		<difficult>0</difficult>
		<bndbox>
			<xmin>53</xmin>
			<ymin>30</ymin>
			<xmax>68</xmax>
			<ymax>57</ymax>
		</bndbox>
	</object>
	<object>
		<name>character</name>
		<pose>Unspecified</pose>
		<truncated>0</truncated>
		<difficult>0</difficult>
		<bndbox>
			<xmin>69</xmin>
			<ymin>30</ymin>
			<xmax>86</xmax>
			<ymax>57</ymax>
		</bndbox>
	</object>
	<object>
		<name>character</name>
		<pose>Unspecified</pose>
		<truncated>0</truncated>
		<difficult>0</difficult>
		<bndbox>
			<xmin>90</xmin>
			<ymin>30</ymin>
			<xmax>103</xmax>
			<ymax>58</ymax>
		</bndbox>
	</object>
	<object>
		<name>character</name>
		<pose>Unspecified</pose>
		<truncated>0</truncated>
		<difficult>0</difficult>
		<bndbox>
			<xmin>106</xmin>
			<ymin>31</ymin>
			<xmax>122</xmax>
			<ymax>58</ymax>
		</bndbox>
	</object>
	<object>
		<name>character</name>
		<pose>Unspecified</pose>
		<truncated>0</truncated>
		<difficult>0</difficult>
		<bndbox>
			<xmin>128</xmin>
			<ymin>31</ymin>
			<xmax>143</xmax>
			<ymax>58</ymax>
		</bndbox>
	</object>
	<object>
		<name>character</name>
		<pose>Unspecified</pose>
		<truncated>0</truncated>
		<difficult>0</difficult>
		<bndbox>
			<xmin>163</xmin>
			<ymin>33</ymin>
			<xmax>179</xmax>
			<ymax>59</ymax>
		</bndbox>
	</object>
	<object>
		<name>character</name>
		<pose>Unspecified</pose>
		<truncated>0</truncated>
		<difficult>0</difficult>
		<bndbox>
			<xmin>182</xmin>
			<ymin>34</ymin>
			<xmax>199</xmax>
			<ymax>61</ymax>
		</bndbox>
	</object>
	<object>
		<name>character</name>
		<pose>Unspecified</pose>
		<truncated>0</truncated>
		<difficult>0</difficult>
		<bndbox>
			<xmin>200</xmin>
			<ymin>35</ymin>
			<xmax>217</xmax>
			<ymax>61</ymax>
		</bndbox>
	</object>
</annotation>
