<annotation>
	<folder>data</folder>
	<filename>1079.jpg</filename>
	<path>/media/infinity/ap/data/1079.jpg</path>
	<source>
		<database>Unknown</database>
	</source>
	<size>
		<width>178</width>
		<height>43</height>
		<depth>3</depth>
	</size>
	<segmented>0</segmented>
	<object>
		<name>character</name>
		<pose>Unspecified</pose>
		<truncated>0</truncated>
		<difficult>0</difficult>
		<bndbox>
			<xmin>20</xmin>
			<ymin>7</ymin>
			<xmax>35</xmax>
			<ymax>33</ymax>
		</bndbox>
	</object>
	<object>
		<name>character</name>
		<pose>Unspecified</pose>
		<truncated>0</truncated>
		<difficult>0</difficult>
		<bndbox>
			<xmin>36</xmin>
			<ymin>6</ymin>
			<xmax>51</xmax>
			<ymax>33</ymax>
		</bndbox>
	</object>
	<object>
		<name>character</name>
		<pose>Unspecified</pose>
		<truncated>0</truncated>
		<difficult>0</difficult>
		<bndbox>
			<xmin>66</xmin>
			<ymin>7</ymin>
			<xmax>82</xmax>
			<ymax>32</ymax>
		</bndbox>
	</object>
	<object>
		<name>character</name>
		<pose>Unspecified</pose>
		<truncated>0</truncated>
		<difficult>0</difficult>
		<bndbox>
			<xmin>83</xmin>
			<ymin>8</ymin>
			<xmax>97</xmax>
			<ymax>33</ymax>
		</bndbox>
	</object>
	<object>
		<name>character</name>
		<pose>Unspecified</pose>
		<truncated>0</truncated>
		<difficult>0</difficult>
		<bndbox>
			<xmin>113</xmin>
			<ymin>7</ymin>
			<xmax>127</xmax>
			<ymax>32</ymax>
		</bndbox>
	</object>
	<object>
		<name>character</name>
		<pose>Unspecified</pose>
		<truncated>0</truncated>
		<difficult>0</difficult>
		<bndbox>
			<xmin>144</xmin>
			<ymin>7</ymin>
			<xmax>158</xmax>
			<ymax>32</ymax>
		</bndbox>
	</object>
</annotation>
