<annotation>
	<folder>a</folder>
	<filename>1086.jpg</filename>
	<path>/media/infinity/ap/a/1086.jpg</path>
	<source>
		<database>Unknown</database>
	</source>
	<size>
		<width>109</width>
		<height>55</height>
		<depth>3</depth>
	</size>
	<segmented>0</segmented>
	<object>
		<name>character</name>
		<pose>Unspecified</pose>
		<truncated>0</truncated>
		<difficult>0</difficult>
		<bndbox>
			<xmin>71</xmin>
			<ymin>22</ymin>
			<xmax>79</xmax>
			<ymax>39</ymax>
		</bndbox>
	</object>
	<object>
		<name>character</name>
		<pose>Unspecified</pose>
		<truncated>0</truncated>
		<difficult>0</difficult>
		<bndbox>
			<xmin>78</xmin>
			<ymin>22</ymin>
			<xmax>88</xmax>
			<ymax>39</ymax>
		</bndbox>
	</object>
	<object>
		<name>character</name>
		<pose>Unspecified</pose>
		<truncated>0</truncated>
		<difficult>0</difficult>
		<bndbox>
			<xmin>45</xmin>
			<ymin>20</ymin>
			<xmax>55</xmax>
			<ymax>39</ymax>
		</bndbox>
	</object>
</annotation>
