<annotation>
	<folder>300East</folder>
	<filename>183.jpg</filename>
	<path>/home/infinity/Desktop/dataset/300East/183.jpg</path>
	<source>
		<database>Unknown</database>
	</source>
	<size>
		<width>120</width>
		<height>50</height>
		<depth>3</depth>
	</size>
	<segmented>0</segmented>
	<object>
		<name>character</name>
		<pose>Unspecified</pose>
		<truncated>0</truncated>
		<difficult>0</difficult>
		<bndbox>
			<xmin>5</xmin>
			<ymin>18</ymin>
			<xmax>19</xmax>
			<ymax>29</ymax>
		</bndbox>
	</object>
	<object>
		<name>character</name>
		<pose>Unspecified</pose>
		<truncated>0</truncated>
		<difficult>0</difficult>
		<bndbox>
			<xmin>18</xmin>
			<ymin>19</ymin>
			<xmax>28</xmax>
			<ymax>30</ymax>
		</bndbox>
	</object>
	<object>
		<name>character</name>
		<pose>Unspecified</pose>
		<truncated>0</truncated>
		<difficult>0</difficult>
		<bndbox>
			<xmin>30</xmin>
			<ymin>19</ymin>
			<xmax>36</xmax>
			<ymax>31</ymax>
		</bndbox>
	</object>
	<object>
		<name>character</name>
		<pose>Unspecified</pose>
		<truncated>0</truncated>
		<difficult>0</difficult>
		<bndbox>
			<xmin>36</xmin>
			<ymin>19</ymin>
			<xmax>46</xmax>
			<ymax>31</ymax>
		</bndbox>
	</object>
	<object>
		<name>character</name>
		<pose>Unspecified</pose>
		<truncated>0</truncated>
		<difficult>0</difficult>
		<bndbox>
			<xmin>49</xmin>
			<ymin>20</ymin>
			<xmax>60</xmax>
			<ymax>31</ymax>
		</bndbox>
	</object>
	<object>
		<name>character</name>
		<pose>Unspecified</pose>
		<truncated>0</truncated>
		<difficult>0</difficult>
		<bndbox>
			<xmin>59</xmin>
			<ymin>20</ymin>
			<xmax>70</xmax>
			<ymax>31</ymax>
		</bndbox>
	</object>
	<object>
		<name>character</name>
		<pose>Unspecified</pose>
		<truncated>0</truncated>
		<difficult>0</difficult>
		<bndbox>
			<xmin>73</xmin>
			<ymin>21</ymin>
			<xmax>83</xmax>
			<ymax>32</ymax>
		</bndbox>
	</object>
	<object>
		<name>character</name>
		<pose>Unspecified</pose>
		<truncated>0</truncated>
		<difficult>0</difficult>
		<bndbox>
			<xmin>83</xmin>
			<ymin>21</ymin>
			<xmax>89</xmax>
			<ymax>32</ymax>
		</bndbox>
	</object>
	<object>
		<name>character</name>
		<pose>Unspecified</pose>
		<truncated>0</truncated>
		<difficult>0</difficult>
		<bndbox>
			<xmin>90</xmin>
			<ymin>20</ymin>
			<xmax>100</xmax>
			<ymax>32</ymax>
		</bndbox>
	</object>
	<object>
		<name>character</name>
		<pose>Unspecified</pose>
		<truncated>0</truncated>
		<difficult>0</difficult>
		<bndbox>
			<xmin>101</xmin>
			<ymin>21</ymin>
			<xmax>112</xmax>
			<ymax>33</ymax>
		</bndbox>
	</object>
</annotation>
