<annotation>
	<folder>300East</folder>
	<filename>196.jpg</filename>
	<path>/home/infinity/Desktop/dataset/300East/196.jpg</path>
	<source>
		<database>Unknown</database>
	</source>
	<size>
		<width>160</width>
		<height>36</height>
		<depth>3</depth>
	</size>
	<segmented>0</segmented>
	<object>
		<name>character</name>
		<pose>Unspecified</pose>
		<truncated>0</truncated>
		<difficult>0</difficult>
		<bndbox>
			<xmin>7</xmin>
			<ymin>4</ymin>
			<xmax>21</xmax>
			<ymax>30</ymax>
		</bndbox>
	</object>
	<object>
		<name>character</name>
		<pose>Unspecified</pose>
		<truncated>0</truncated>
		<difficult>0</difficult>
		<bndbox>
			<xmin>20</xmin>
			<ymin>5</ymin>
			<xmax>35</xmax>
			<ymax>30</ymax>
		</bndbox>
	</object>
	<object>
		<name>character</name>
		<pose>Unspecified</pose>
		<truncated>0</truncated>
		<difficult>0</difficult>
		<bndbox>
			<xmin>40</xmin>
			<ymin>5</ymin>
			<xmax>50</xmax>
			<ymax>30</ymax>
		</bndbox>
	</object>
	<object>
		<name>character</name>
		<pose>Unspecified</pose>
		<truncated>0</truncated>
		<difficult>0</difficult>
		<bndbox>
			<xmin>52</xmin>
			<ymin>6</ymin>
			<xmax>65</xmax>
			<ymax>31</ymax>
		</bndbox>
	</object>
	<object>
		<name>character</name>
		<pose>Unspecified</pose>
		<truncated>0</truncated>
		<difficult>0</difficult>
		<bndbox>
			<xmin>69</xmin>
			<ymin>6</ymin>
			<xmax>82</xmax>
			<ymax>28</ymax>
		</bndbox>
	</object>
	<object>
		<name>character</name>
		<pose>Unspecified</pose>
		<truncated>0</truncated>
		<difficult>0</difficult>
		<bndbox>
			<xmin>82</xmin>
			<ymin>6</ymin>
			<xmax>95</xmax>
			<ymax>30</ymax>
		</bndbox>
	</object>
	<object>
		<name>character</name>
		<pose>Unspecified</pose>
		<truncated>0</truncated>
		<difficult>0</difficult>
		<bndbox>
			<xmin>100</xmin>
			<ymin>7</ymin>
			<xmax>114</xmax>
			<ymax>32</ymax>
		</bndbox>
	</object>
	<object>
		<name>character</name>
		<pose>Unspecified</pose>
		<truncated>0</truncated>
		<difficult>0</difficult>
		<bndbox>
			<xmin>114</xmin>
			<ymin>8</ymin>
			<xmax>128</xmax>
			<ymax>32</ymax>
		</bndbox>
	</object>
	<object>
		<name>character</name>
		<pose>Unspecified</pose>
		<truncated>0</truncated>
		<difficult>0</difficult>
		<bndbox>
			<xmin>128</xmin>
			<ymin>8</ymin>
			<xmax>141</xmax>
			<ymax>32</ymax>
		</bndbox>
	</object>
	<object>
		<name>character</name>
		<pose>Unspecified</pose>
		<truncated>0</truncated>
		<difficult>0</difficult>
		<bndbox>
			<xmin>142</xmin>
			<ymin>8</ymin>
			<xmax>156</xmax>
			<ymax>33</ymax>
		</bndbox>
	</object>
</annotation>
