<annotation>
	<folder>300East</folder>
	<filename>210.jpg</filename>
	<path>/home/infinity/Desktop/dataset/300East/210.jpg</path>
	<source>
		<database>Unknown</database>
	</source>
	<size>
		<width>161</width>
		<height>65</height>
		<depth>3</depth>
	</size>
	<segmented>0</segmented>
	<object>
		<name>character</name>
		<pose>Unspecified</pose>
		<truncated>0</truncated>
		<difficult>0</difficult>
		<bndbox>
			<xmin>44</xmin>
			<ymin>16</ymin>
			<xmax>63</xmax>
			<ymax>53</ymax>
		</bndbox>
	</object>
	<object>
		<name>character</name>
		<pose>Unspecified</pose>
		<truncated>0</truncated>
		<difficult>0</difficult>
		<bndbox>
			<xmin>69</xmin>
			<ymin>17</ymin>
			<xmax>87</xmax>
			<ymax>52</ymax>
		</bndbox>
	</object>
	<object>
		<name>character</name>
		<pose>Unspecified</pose>
		<truncated>0</truncated>
		<difficult>0</difficult>
		<bndbox>
			<xmin>104</xmin>
			<ymin>16</ymin>
			<xmax>122</xmax>
			<ymax>53</ymax>
		</bndbox>
	</object>
	<object>
		<name>character</name>
		<pose>Unspecified</pose>
		<truncated>0</truncated>
		<difficult>0</difficult>
		<bndbox>
			<xmin>128</xmin>
			<ymin>15</ymin>
			<xmax>139</xmax>
			<ymax>52</ymax>
		</bndbox>
	</object>
</annotation>
