<annotation>
	<folder>275+East</folder>
	<filename>318.jpg</filename>
	<path>/media/infinity/ap/275+East/318.jpg</path>
	<source>
		<database>Unknown</database>
	</source>
	<size>
		<width>510</width>
		<height>156</height>
		<depth>3</depth>
	</size>
	<segmented>0</segmented>
	<object>
		<name>character</name>
		<pose>Unspecified</pose>
		<truncated>0</truncated>
		<difficult>0</difficult>
		<bndbox>
			<xmin>11</xmin>
			<ymin>30</ymin>
			<xmax>77</xmax>
			<ymax>104</ymax>
		</bndbox>
	</object>
	<object>
		<name>character</name>
		<pose>Unspecified</pose>
		<truncated>0</truncated>
		<difficult>0</difficult>
		<bndbox>
			<xmin>78</xmin>
			<ymin>30</ymin>
			<xmax>132</xmax>
			<ymax>104</ymax>
		</bndbox>
	</object>
</annotation>
