<annotation>
	<folder>275+East</folder>
	<filename>360.jpg</filename>
	<path>/media/infinity/ap/275+East/360.jpg</path>
	<source>
		<database>Unknown</database>
	</source>
	<size>
		<width>135</width>
		<height>38</height>
		<depth>3</depth>
	</size>
	<segmented>0</segmented>
	<object>
		<name>character</name>
		<pose>Unspecified</pose>
		<truncated>0</truncated>
		<difficult>0</difficult>
		<bndbox>
			<xmin>29</xmin>
			<ymin>12</ymin>
			<xmax>39</xmax>
			<ymax>28</ymax>
		</bndbox>
	</object>
	<object>
		<name>character</name>
		<pose>Unspecified</pose>
		<truncated>0</truncated>
		<difficult>0</difficult>
		<bndbox>
			<xmin>61</xmin>
			<ymin>11</ymin>
			<xmax>71</xmax>
			<ymax>26</ymax>
		</bndbox>
	</object>
	<object>
		<name>character</name>
		<pose>Unspecified</pose>
		<truncated>0</truncated>
		<difficult>0</difficult>
		<bndbox>
			<xmin>74</xmin>
			<ymin>10</ymin>
			<xmax>84</xmax>
			<ymax>25</ymax>
		</bndbox>
	</object>
</annotation>
