<annotation>
	<folder>275+East</folder>
	<filename>549.jpg</filename>
	<path>/home/infinity/Desktop/275+East/549.jpg</path>
	<source>
		<database>Unknown</database>
	</source>
	<size>
		<width>509</width>
		<height>172</height>
		<depth>3</depth>
	</size>
	<segmented>0</segmented>
	<object>
		<name>character</name>
		<pose>Unspecified</pose>
		<truncated>0</truncated>
		<difficult>0</difficult>
		<bndbox>
			<xmin>13</xmin>
			<ymin>45</ymin>
			<xmax>74</xmax>
			<ymax>117</ymax>
		</bndbox>
	</object>
	<object>
		<name>character</name>
		<pose>Unspecified</pose>
		<truncated>0</truncated>
		<difficult>0</difficult>
		<bndbox>
			<xmin>79</xmin>
			<ymin>46</ymin>
			<xmax>128</xmax>
			<ymax>117</ymax>
		</bndbox>
	</object>
</annotation>
