<annotation>
	<folder>300East</folder>
	<filename>62.jpg</filename>
	<path>/home/infinity/Desktop/dataset/300East/62.jpg</path>
	<source>
		<database>Unknown</database>
	</source>
	<size>
		<width>62</width>
		<height>27</height>
		<depth>3</depth>
	</size>
	<segmented>0</segmented>
	<object>
		<name>character</name>
		<pose>Unspecified</pose>
		<truncated>0</truncated>
		<difficult>0</difficult>
		<bndbox>
			<xmin>4</xmin>
			<ymin>8</ymin>
			<xmax>13</xmax>
			<ymax>22</ymax>
		</bndbox>
	</object>
	<object>
		<name>character</name>
		<pose>Unspecified</pose>
		<truncated>0</truncated>
		<difficult>0</difficult>
		<bndbox>
			<xmin>13</xmin>
			<ymin>8</ymin>
			<xmax>20</xmax>
			<ymax>23</ymax>
		</bndbox>
	</object>
	<object>
		<name>character</name>
		<pose>Unspecified</pose>
		<truncated>0</truncated>
		<difficult>0</difficult>
		<bndbox>
			<xmin>20</xmin>
			<ymin>8</ymin>
			<xmax>29</xmax>
			<ymax>23</ymax>
		</bndbox>
	</object>
	<object>
		<name>character</name>
		<pose>Unspecified</pose>
		<truncated>0</truncated>
		<difficult>0</difficult>
		<bndbox>
			<xmin>33</xmin>
			<ymin>8</ymin>
			<xmax>40</xmax>
			<ymax>23</ymax>
		</bndbox>
	</object>
	<object>
		<name>character</name>
		<pose>Unspecified</pose>
		<truncated>0</truncated>
		<difficult>0</difficult>
		<bndbox>
			<xmin>40</xmin>
			<ymin>9</ymin>
			<xmax>46</xmax>
			<ymax>23</ymax>
		</bndbox>
	</object>
	<object>
		<name>character</name>
		<pose>Unspecified</pose>
		<truncated>0</truncated>
		<difficult>0</difficult>
		<bndbox>
			<xmin>47</xmin>
			<ymin>9</ymin>
			<xmax>53</xmax>
			<ymax>23</ymax>
		</bndbox>
	</object>
	<object>
		<name>character</name>
		<pose>Unspecified</pose>
		<truncated>0</truncated>
		<difficult>0</difficult>
		<bndbox>
			<xmin>53</xmin>
			<ymin>8</ymin>
			<xmax>61</xmax>
			<ymax>23</ymax>
		</bndbox>
	</object>
</annotation>
