<annotation>
	<folder>data</folder>
	<filename>709.jpg</filename>
	<path>/media/infinity/ap/data/709.jpg</path>
	<source>
		<database>Unknown</database>
	</source>
	<size>
		<width>99</width>
		<height>56</height>
		<depth>3</depth>
	</size>
	<segmented>0</segmented>
	<object>
		<name>character</name>
		<pose>Unspecified</pose>
		<truncated>0</truncated>
		<difficult>0</difficult>
		<bndbox>
			<xmin>17</xmin>
			<ymin>12</ymin>
			<xmax>31</xmax>
			<ymax>25</ymax>
		</bndbox>
	</object>
	<object>
		<name>character</name>
		<pose>Unspecified</pose>
		<truncated>0</truncated>
		<difficult>0</difficult>
		<bndbox>
			<xmin>12</xmin>
			<ymin>27</ymin>
			<xmax>30</xmax>
			<ymax>42</ymax>
		</bndbox>
	</object>
	<object>
		<name>character</name>
		<pose>Unspecified</pose>
		<truncated>0</truncated>
		<difficult>0</difficult>
		<bndbox>
			<xmin>29</xmin>
			<ymin>27</ymin>
			<xmax>46</xmax>
			<ymax>40</ymax>
		</bndbox>
	</object>
	<object>
		<name>character</name>
		<pose>Unspecified</pose>
		<truncated>0</truncated>
		<difficult>0</difficult>
		<bndbox>
			<xmin>46</xmin>
			<ymin>26</ymin>
			<xmax>63</xmax>
			<ymax>39</ymax>
		</bndbox>
	</object>
	<object>
		<name>character</name>
		<pose>Unspecified</pose>
		<truncated>0</truncated>
		<difficult>0</difficult>
		<bndbox>
			<xmin>63</xmin>
			<ymin>25</ymin>
			<xmax>82</xmax>
			<ymax>39</ymax>
		</bndbox>
	</object>
</annotation>
