<annotation>
	<folder>data</folder>
	<filename>760.jpg</filename>
	<path>/media/infinity/ap/data/760.jpg</path>
	<source>
		<database>Unknown</database>
	</source>
	<size>
		<width>157</width>
		<height>154</height>
		<depth>3</depth>
	</size>
	<segmented>0</segmented>
	<object>
		<name>character</name>
		<pose>Unspecified</pose>
		<truncated>0</truncated>
		<difficult>0</difficult>
		<bndbox>
			<xmin>42</xmin>
			<ymin>72</ymin>
			<xmax>58</xmax>
			<ymax>95</ymax>
		</bndbox>
	</object>
	<object>
		<name>character</name>
		<pose>Unspecified</pose>
		<truncated>0</truncated>
		<difficult>0</difficult>
		<bndbox>
			<xmin>65</xmin>
			<ymin>73</ymin>
			<xmax>80</xmax>
			<ymax>94</ymax>
		</bndbox>
	</object>
	<object>
		<name>character</name>
		<pose>Unspecified</pose>
		<truncated>0</truncated>
		<difficult>0</difficult>
		<bndbox>
			<xmin>84</xmin>
			<ymin>72</ymin>
			<xmax>100</xmax>
			<ymax>94</ymax>
		</bndbox>
	</object>
	<object>
		<name>character</name>
		<pose>Unspecified</pose>
		<truncated>0</truncated>
		<difficult>0</difficult>
		<bndbox>
			<xmin>105</xmin>
			<ymin>71</ymin>
			<xmax>120</xmax>
			<ymax>93</ymax>
		</bndbox>
	</object>
</annotation>
