<annotation>
	<folder>data</folder>
	<filename>776.jpg</filename>
	<path>/media/infinity/ap/data/776.jpg</path>
	<source>
		<database>Unknown</database>
	</source>
	<size>
		<width>77</width>
		<height>11</height>
		<depth>3</depth>
	</size>
	<segmented>0</segmented>
	<object>
		<name>character</name>
		<pose>Unspecified</pose>
		<truncated>1</truncated>
		<difficult>0</difficult>
		<bndbox>
			<xmin>9</xmin>
			<ymin>2</ymin>
			<xmax>15</xmax>
			<ymax>11</ymax>
		</bndbox>
	</object>
	<object>
		<name>character</name>
		<pose>Unspecified</pose>
		<truncated>1</truncated>
		<difficult>0</difficult>
		<bndbox>
			<xmin>16</xmin>
			<ymin>2</ymin>
			<xmax>21</xmax>
			<ymax>11</ymax>
		</bndbox>
	</object>
	<object>
		<name>character</name>
		<pose>Unspecified</pose>
		<truncated>1</truncated>
		<difficult>0</difficult>
		<bndbox>
			<xmin>24</xmin>
			<ymin>2</ymin>
			<xmax>30</xmax>
			<ymax>11</ymax>
		</bndbox>
	</object>
	<object>
		<name>character</name>
		<pose>Unspecified</pose>
		<truncated>1</truncated>
		<difficult>0</difficult>
		<bndbox>
			<xmin>34</xmin>
			<ymin>2</ymin>
			<xmax>40</xmax>
			<ymax>11</ymax>
		</bndbox>
	</object>
	<object>
		<name>character</name>
		<pose>Unspecified</pose>
		<truncated>1</truncated>
		<difficult>0</difficult>
		<bndbox>
			<xmin>40</xmin>
			<ymin>1</ymin>
			<xmax>46</xmax>
			<ymax>10</ymax>
		</bndbox>
	</object>
	<object>
		<name>character</name>
		<pose>Unspecified</pose>
		<truncated>1</truncated>
		<difficult>0</difficult>
		<bndbox>
			<xmin>46</xmin>
			<ymin>1</ymin>
			<xmax>52</xmax>
			<ymax>11</ymax>
		</bndbox>
	</object>
	<object>
		<name>character</name>
		<pose>Unspecified</pose>
		<truncated>1</truncated>
		<difficult>0</difficult>
		<bndbox>
			<xmin>52</xmin>
			<ymin>1</ymin>
			<xmax>57</xmax>
			<ymax>11</ymax>
		</bndbox>
	</object>
</annotation>
