<annotation>
	<folder>data</folder>
	<filename>810.jpg</filename>
	<path>/media/infinity/ap/data/810.jpg</path>
	<source>
		<database>Unknown</database>
	</source>
	<size>
		<width>84</width>
		<height>57</height>
		<depth>3</depth>
	</size>
	<segmented>0</segmented>
	<object>
		<name>character</name>
		<pose>Unspecified</pose>
		<truncated>0</truncated>
		<difficult>0</difficult>
		<bndbox>
			<xmin>20</xmin>
			<ymin>29</ymin>
			<xmax>34</xmax>
			<ymax>49</ymax>
		</bndbox>
	</object>
</annotation>
