<annotation>
	<folder>data</folder>
	<filename>813.jpg</filename>
	<path>/media/infinity/ap/data/813.jpg</path>
	<source>
		<database>Unknown</database>
	</source>
	<size>
		<width>149</width>
		<height>92</height>
		<depth>3</depth>
	</size>
	<segmented>0</segmented>
	<object>
		<name>character</name>
		<pose>Unspecified</pose>
		<truncated>0</truncated>
		<difficult>0</difficult>
		<bndbox>
			<xmin>22</xmin>
			<ymin>35</ymin>
			<xmax>31</xmax>
			<ymax>53</ymax>
		</bndbox>
	</object>
	<object>
		<name>character</name>
		<pose>Unspecified</pose>
		<truncated>0</truncated>
		<difficult>0</difficult>
		<bndbox>
			<xmin>55</xmin>
			<ymin>35</ymin>
			<xmax>66</xmax>
			<ymax>53</ymax>
		</bndbox>
	</object>
	<object>
		<name>character</name>
		<pose>Unspecified</pose>
		<truncated>0</truncated>
		<difficult>0</difficult>
		<bndbox>
			<xmin>67</xmin>
			<ymin>34</ymin>
			<xmax>78</xmax>
			<ymax>54</ymax>
		</bndbox>
	</object>
	<object>
		<name>character</name>
		<pose>Unspecified</pose>
		<truncated>0</truncated>
		<difficult>0</difficult>
		<bndbox>
			<xmin>86</xmin>
			<ymin>35</ymin>
			<xmax>97</xmax>
			<ymax>54</ymax>
		</bndbox>
	</object>
	<object>
		<name>character</name>
		<pose>Unspecified</pose>
		<truncated>0</truncated>
		<difficult>0</difficult>
		<bndbox>
			<xmin>113</xmin>
			<ymin>36</ymin>
			<xmax>123</xmax>
			<ymax>54</ymax>
		</bndbox>
	</object>
	<object>
		<name>character</name>
		<pose>Unspecified</pose>
		<truncated>0</truncated>
		<difficult>0</difficult>
		<bndbox>
			<xmin>126</xmin>
			<ymin>35</ymin>
			<xmax>136</xmax>
			<ymax>55</ymax>
		</bndbox>
	</object>
</annotation>
