<annotation>
	<folder>data</folder>
	<filename>901.jpg</filename>
	<path>/media/infinity/ap/data/901.jpg</path>
	<source>
		<database>Unknown</database>
	</source>
	<size>
		<width>114</width>
		<height>36</height>
		<depth>3</depth>
	</size>
	<segmented>0</segmented>
	<object>
		<name>character</name>
		<pose>Unspecified</pose>
		<truncated>0</truncated>
		<difficult>0</difficult>
		<bndbox>
			<xmin>31</xmin>
			<ymin>12</ymin>
			<xmax>37</xmax>
			<ymax>27</ymax>
		</bndbox>
	</object>
	<object>
		<name>character</name>
		<pose>Unspecified</pose>
		<truncated>0</truncated>
		<difficult>0</difficult>
		<bndbox>
			<xmin>37</xmin>
			<ymin>11</ymin>
			<xmax>46</xmax>
			<ymax>26</ymax>
		</bndbox>
	</object>
	<object>
		<name>character</name>
		<pose>Unspecified</pose>
		<truncated>0</truncated>
		<difficult>0</difficult>
		<bndbox>
			<xmin>74</xmin>
			<ymin>11</ymin>
			<xmax>83</xmax>
			<ymax>26</ymax>
		</bndbox>
	</object>
	<object>
		<name>character</name>
		<pose>Unspecified</pose>
		<truncated>0</truncated>
		<difficult>0</difficult>
		<bndbox>
			<xmin>83</xmin>
			<ymin>11</ymin>
			<xmax>91</xmax>
			<ymax>26</ymax>
		</bndbox>
	</object>
	<object>
		<name>character</name>
		<pose>Unspecified</pose>
		<truncated>0</truncated>
		<difficult>0</difficult>
		<bndbox>
			<xmin>91</xmin>
			<ymin>11</ymin>
			<xmax>99</xmax>
			<ymax>26</ymax>
		</bndbox>
	</object>
	<object>
		<name>character</name>
		<pose>Unspecified</pose>
		<truncated>0</truncated>
		<difficult>0</difficult>
		<bndbox>
			<xmin>100</xmin>
			<ymin>12</ymin>
			<xmax>108</xmax>
			<ymax>26</ymax>
		</bndbox>
	</object>
</annotation>
