<annotation>
	<folder>data</folder>
	<filename>997.jpg</filename>
	<path>/media/infinity/ap/data/997.jpg</path>
	<source>
		<database>Unknown</database>
	</source>
	<size>
		<width>66</width>
		<height>30</height>
		<depth>3</depth>
	</size>
	<segmented>0</segmented>
	<object>
		<name>character</name>
		<pose>Unspecified</pose>
		<truncated>0</truncated>
		<difficult>0</difficult>
		<bndbox>
			<xmin>20</xmin>
			<ymin>5</ymin>
			<xmax>32</xmax>
			<ymax>24</ymax>
		</bndbox>
	</object>
	<object>
		<name>character</name>
		<pose>Unspecified</pose>
		<truncated>0</truncated>
		<difficult>0</difficult>
		<bndbox>
			<xmin>33</xmin>
			<ymin>5</ymin>
			<xmax>44</xmax>
			<ymax>23</ymax>
		</bndbox>
	</object>
</annotation>
